id,alt_id,name,kind,const,ra_deg,dec_deg,mag,size_arcmin,minor_arcmin,surf_br,messier
M1,NGC 1952,Crab Nebula,nebula,Tau,83.63321,22.01447,8.4,8.00,4.00,,1
M2,NGC 7089,,globular,Aqr,323.36254,-0.82331,6.2,8.40,,,2
M3,NGC 5272,,globular,CVn,205.54679,28.37544,6.4,16.20,,,3
M4,NGC 6121,,globular,Sco,245.89750,-26.52553,5.4,28.20,,,4
M5,NGC 5904,,globular,Se1,229.64063,2.08269,6.0,15.00,,,5
M6,NGC 6405,Butterfly Cluster,open cluster,Sco,265.08646,-32.25417,4.2,15.60,,,6
M7,NGC 6475,Ptolemy's Cluster,open cluster,Sco,268.46325,-34.79283,3.3,22.20,,,7
M8,NGC 6523,Lagoon Nebula,nebula,Sgr,270.92196,-24.38017,5.8,45.00,30.00,,8
M9,NGC 6333,,globular,Oph,259.79908,-18.51625,8.4,6.90,,,9
M10,NGC 6254,,globular,Oph,254.28746,-4.09933,5.0,9.30,,,10
M11,NGC 6705,Amas de l'Ecu de Sobieski,open cluster,Sct,282.77496,-6.27003,5.8,9.00,,,11
M12,NGC 6218,,globular,Oph,251.81050,-1.94783,6.1,11.10,,,12
M13,NGC 6205,Hercules Globular Cluster,globular,Her,250.42346,36.46131,5.8,16.50,,,13
M14,NGC 6402,,globular,Oph,264.40067,-3.24592,5.7,9.9,,,14
M15,NGC 7078,,globular,Peg,322.49325,12.16683,6.3,11.10,,,15
M16,NGC 6611,Eagle Nebula,nebula,Se2,274.70071,-13.80722,6.0,120.00,25.00,,16
M17,NGC 6618,Checkmark Nebula,nebula,Sgr,275.19629,-16.17153,7.0,12.60,,,17
M18,NGC 6613,,open cluster,Sgr,274.99371,-17.10197,6.9,6.00,,,18
M19,NGC 6273,,globular,Oph,255.65700,-26.26794,5.6,7.50,,,19
M20,NGC 6514,Trifid Nebula,nebula,Sgr,270.67546,-22.97189,8.5,28.00,28.00,,20
M21,NGC 6531,,open cluster,Sgr,271.05604,-22.49006,5.9,6.00,,,21
M22,NGC 6656,,globular,Sgr,279.10083,-23.90342,6.2,12.60,,,22
M23,NGC 6494,,open cluster,Sgr,269.26988,-18.98533,5.5,16.80,,,23
M24,IC 4715,Small Sgr Star Cloud,open cluster,Sgr,274.23383,-18.51456,4.5,120.00,60.00,,24
M25,IC 4725,,open cluster,Sgr,277.94488,-19.11494,4.6,14.10,,,25
M26,NGC 6694,,open cluster,Sct,281.32775,-9.38361,8.9,6.00,,,26
M27,NGC 6853,Dumbbell Nebula,planetary nebula,Vul,299.90158,22.72103,7.4,6.70,,,27
M28,NGC 6626,,globular,Sgr,276.13704,-24.86983,6.9,5.10,,,28
M29,NGC 6913,,open cluster,Cyg,305.99071,38.50767,6.6,3.60,,,29
M30,NGC 7099,,globular,Cap,325.09175,-23.17908,7.1,9.00,,,30
M31,NGC 224,Andromeda Galaxy,galaxy,And,10.68479,41.26906,3.4,177.83,69.66,23.63,31
M32,NGC 221,,galaxy,And,10.67429,40.86528,8.1,7.74,4.86,22.17,32
M33,NGC 598,Triangulum Galaxy,galaxy,Tri,23.46204,30.66022,5.8,62.09,36.73,23.61,33
M34,NGC 1039,,open cluster,Per,40.53083,42.74614,5.2,22.50,,,34
M35,NGC 2168,,open cluster,Gem,92.27108,24.33864,5.1,24.00,,,35
M36,NGC 1960,,open cluster,Aur,84.07392,34.14075,6.0,7.20,,,36
M37,NGC 2099,,open cluster,Aur,88.07646,32.55300,5.6,11.40,,,37
M38,NGC 1912,,open cluster,Aur,82.17704,35.85492,6.4,9.60,,,38
M39,NGC 7092,,open cluster,Cyg,322.95133,48.43817,4.6,19.50,,,39
M40,,,double star,UMa,185.56708,58.08444,8.0,,,,40
M41,NGC 2287,,open cluster,CMa,101.49975,-20.75422,4.5,12.00,,,41
M42,NGC 1976,Great Orion Nebula,cluster+nebula,Ori,83.81867,-5.38967,4.0,90.00,60.00,,42
M43,NGC 1982,Mairan's Nebula,nebula,Ori,83.88075,-5.26747,9.0,20.00,15.00,,43
M44,NGC 2632,Beehive,open cluster,Cnc,130.09250,19.67206,3.1,108.60,,,44
M45,,Pleiades,open cluster,Tau,56.86917,24.10528,1.2,150.00,150.00,,45
M46,NGC 2437,,open cluster,Pup,115.44508,-14.81000,6.1,21.00,,,46
M47,NGC 2422,,open cluster,Pup,114.14592,-14.48261,4.4,19.80,,,47
M48,NGC 2548,,open cluster,Hya,123.42992,-5.75044,5.8,28.20,,,48
M49,NGC 4472,,galaxy,Vir,187.44483,8.00047,8.3,10.21,8.38,23.25,49
M50,NGC 2323,,open cluster,Mon,105.66863,-8.36403,5.9,14.10,,,50
M51,NGC 5194,Whirlpool Galaxy,galaxy,CVn,202.46962,47.19517,8.4,13.71,11.67,22.90,51
M52,NGC 7654,,open cluster,Cas,351.20167,61.59317,6.9,9.90,,,52
M53,NGC 5024,,globular,Com,198.23012,18.16911,7.8,9.00,,,53
M54,NGC 6715,,globular,Sgr,283.76363,-30.47850,7.7,5.10,,,54
M55,NGC 6809,,globular,Sgr,294.99750,-30.96208,6.5,12.00,,,55
M56,NGC 6779,,globular,Lyr,289.14796,30.18450,8.4,5.80,,,56
M57,NGC 6720,Ring Nebula,planetary nebula,Lyr,283.39587,33.02858,8.8,1.27,,,57
M58,NGC 4579,,galaxy,Vir,189.43133,11.81819,10.3,5.01,3.84,22.49,58
M59,NGC 4621,,galaxy,Vir,190.50933,11.64703,9.6,4.55,3.21,22.71,59
M60,NGC 4649,,galaxy,Vir,190.91658,11.55269,8.8,6.78,5.45,22.81,60
M61,NGC 4303,,galaxy,Vir,185.47875,4.47364,10.2,6.89,6.56,23.05,61
M62,NGC 6266,,globular,Oph,255.30250,-30.11236,7.4,7.80,,,62
M63,NGC 5055,Sunflower Galaxy,galaxy,CVn,198.95554,42.02928,8.6,11.83,7.16,23.04,63
M64,NGC 4826,Black Eye Galaxy,galaxy,Com,194.18183,21.68297,8.5,10.52,5.33,22.68,64
M65,NGC 3623,,galaxy,Leo,169.73300,13.09236,9.3,7.64,1.97,22.73,65
M66,NGC 3627,,galaxy,Leo,170.06233,12.99153,8.9,10.28,4.61,22.96,66
M67,NGC 2682,,open cluster,Cnc,132.83388,11.81194,6.9,33.00,,,67
M68,NGC 4590,,globular,Hya,189.86671,-26.74303,8.0,6.60,,,68
M69,NGC 6637,,globular,Sgr,277.84679,-32.34797,8.3,5.70,,,69
M70,NGC 6681,,globular,Sgr,280.80267,-32.29189,9.1,6.60,,,70
M71,NGC 6838,,globular,Sge,298.44212,18.77839,6.1,6.90,,,71
M72,NGC 6981,,globular,Aqr,313.36629,-12.53706,9.0,4.50,,,72
M73,NGC 6994,,asterism,Aqr,314.73321,-12.63550,8.9,,,,73
M74,NGC 628,,galaxy,Psc,24.17396,15.78367,9.3,9.89,9.33,23.37,74
M75,NGC 6864,,globular,Sgr,301.52017,-21.92222,8.3,3.60,,,75
M76,NGC 650,Barbell Nebula,planetary nebula,Per,25.58204,51.57547,10.1,1.12,,,76
M77,NGC 1068,,galaxy,Cet,40.66963,-0.01328,9.3,6.11,5.61,22.35,77
M78,NGC 2068,,nebula,Ori,86.69092,0.07931,8.0,4.50,,,78
M79,NGC 1904,,globular,Lep,81.04413,-24.52422,8.2,7.20,,,79
M80,NGC 6093,,globular,Sco,244.26046,-22.97511,7.3,5.70,,,80
M81,NGC 3031,Bode's Galaxy,galaxy,UMa,148.88821,69.06531,6.9,21.63,11.25,22.78,81
M82,NGC 3034,Cigar Galaxy,galaxy,UMa,148.96971,69.67939,8.3,10.99,5.11,22.22,82
M83,NGC 5236,Southern Pinwheel Galaxy,galaxy,Hya,204.25396,-29.86542,7.2,13.61,13.21,22.20,83
M84,NGC 4374,,galaxy,Vir,186.26558,12.88697,9.8,7.41,6.44,23.23,84
M85,NGC 4382,,galaxy,Com,186.35046,18.19150,9.1,6.95,5.35,22.87,85
M86,NGC 4406,,galaxy,Vir,186.54892,12.94622,8.9,11.53,8.43,23.90,86
M87,NGC 4486,Virgo Galaxy,galaxy,Vir,187.70592,12.39111,9.0,7.11,6.67,22.79,87
M88,NGC 4501,,galaxy,Com,187.99650,14.42039,10.3,8.65,4.38,23.17,88
M89,NGC 4552,,galaxy,Vir,188.91587,12.55633,10.1,8.13,8.00,24.11,89
M90,NGC 4569,,galaxy,Vir,189.20746,13.16294,9.5,9.12,3.82,23.16,90
M91,NGC 4548,,galaxy,Com,188.86021,14.49633,11.0,5.55,4.52,23.24,91
M92,NGC 6341,,globular,Her,259.28029,43.13653,6.5,14.40,,,92
M93,NGC 2447,,open cluster,Pup,116.12179,-23.85308,6.2,15.00,,,93
M94,NGC 4736,,galaxy,CVn,192.72108,41.12044,8.2,7.74,6.68,21.79,94
M95,NGC 3351,,galaxy,Leo,160.99042,11.70381,9.8,7.23,4.45,23.26,95
M96,NGC 3368,,galaxy,Leo,161.69058,11.81994,9.2,8.26,5.51,23.14,96
M97,NGC 3587,Owl Nebula,planetary nebula,UMa,168.69879,55.01903,9.9,3.58,,,97
M98,NGC 4192,,galaxy,Com,183.45121,14.90033,10.8,11.04,2.66,23.89,98
M99,NGC 4254,Coma Pinwheel,galaxy,Com,184.70667,14.41650,9.8,5.04,4.74,22.60,99
M100,NGC 4321,,galaxy,Com,185.72846,15.82181,9.5,6.10,5.62,22.61,100
M101,NGC 5457,,galaxy,UMa,210.80225,54.34894,7.9,23.99,23.07,23.97,101
M103,NGC 581,,open cluster,Cas,23.34088,60.65800,7.4,4.50,,,103
M104,NGC 4594,Sombrero Galaxy,galaxy,Vir,189.99762,-11.62306,8.6,8.45,4.91,22.26,104
M105,NGC 3379,,galaxy,Leo,161.95663,12.58161,9.3,4.89,4.25,22.54,105
M106,NGC 4258,,galaxy,CVn,184.73958,47.30397,9.3,16.98,7.24,23.36,106
M107,NGC 6171,,globular,Oph,248.13300,-13.05364,8.8,7.80,,,107
M108,NGC 3556,,galaxy,UMa,167.87904,55.67411,10.1,3.98,1.66,21.70,108
M109,NGC 3992,,galaxy,UMa,179.39992,53.37453,9.9,8.07,5.64,23.45,109
M110,NGC 205,,galaxy,And,10.09200,41.68531,8.2,16.22,9.59,23.78,110
B033,,Horsehead Nebula,dark nebula,Ori,85.24583,-2.45833,,6.00,4.00,,
C009,,Cave Nebula,nebula,Cep,344.47500,62.51833,,50.00,30.00,,
C014,,Double Cluster,open cluster,Per,35.17500,57.13750,,50.00,50.00,,
C041,,Hyades,open cluster,Tau,66.72500,15.86667,,329.00,,,
C099,,Coalsack Nebula,dark nebula,Cru,187.82917,-63.74333,,,,,
Cl399,,Brocchi's Cluster,open cluster,Vul,291.35000,20.18333,3.6,70.00,,,
ESO056-115,,Large Magellanic Cloud,galaxy,Dor,80.89375,-69.75611,0.3,646.00,550.00,23.45,
ESO097-013,,Circinus Galaxy,galaxy,Cir,213.29146,-65.33922,10.6,8.71,4.27,24.94,
ESO107-004,,,galaxy,Pav,315.87342,-67.18133,12.0,2.14,1.74,23.38,
ESO121-006,,,galaxy,Pic,91.87442,-61.80758,12.6,4.17,0.79,21.11,
ESO121-026,,,galaxy,Pic,95.41146,-59.73992,11.9,2.40,1.78,22.99,
ESO138-010,,,galaxy,Ara,254.76229,-60.21603,11.4,5.50,3.98,23.85,
ESO142-019,,,galaxy,Pav,293.32900,-58.11425,11.9,2.45,1.05,23.32,
ESO183-030,,,galaxy,Tel,284.23308,-54.54544,11.7,2.34,1.95,23.19,
ESO185-054,,,galaxy,Tel,300.86263,-55.94717,11.2,2.09,0.87,22.52,
ESO208-021,,,galaxy,Pup,113.48438,-50.44303,11.2,3.80,2.75,23.81,
ESO213-011,,,galaxy,Vel,154.23133,-48.88108,11.9,3.55,2.09,23.27,
ESO221-026,,,galaxy,Cen,212.09921,-47.97047,11.1,3.16,2.19,23.42,
ESO265-007,,,galaxy,Cen,166.95654,-46.52431,11.4,4.68,1.26,23.35,
ESO269-057,,,galaxy,Cen,197.51846,-46.43733,11.9,3.71,2.14,23.76,
ESO270-017,,Fourcade-Figueroa,galaxy,Cen,203.69708,-45.54750,11.7,11.48,1.45,24.00,
ESO273-014,,,galaxy,Lup,224.62654,-47.69894,12.0,4.79,3.55,24.77,
ESO274-001,,,galaxy,Lup,228.55767,-46.80794,11.2,9.77,1.55,23.86,
ESO311-012,,,galaxy,Pup,116.89187,-41.45214,11.8,4.37,0.72,24.36,
ESO351-030,,Sculptor Dwarf Elliptical,galaxy,Scl,15.03896,-33.70903,8.6,15.26,15.26,19.51,
ESO356-004,,Fornax Dwarf Spheroidal,galaxy,For,39.99721,-34.44919,7.4,12.88,10.47,23.42,
ESO358-063,,,galaxy,For,56.57921,-34.94356,11.9,4.27,1.26,23.44,
ESO373-008,,,galaxy,Ant,143.33963,-33.03350,11.9,3.72,0.98,23.17,
ESO380-001,,,galaxy,Hya,183.68800,-35.50981,11.9,2.14,1.62,23.09,
ESO380-006,,,galaxy,Hya,183.89279,-35.62975,11.5,3.63,1.62,23.57,
ESO383-087,,,galaxy,Cen,207.32292,-36.06344,10.9,4.27,3.31,22.97,
ESO390-006,,,globular,Sco,247.16708,-35.35361,12.0,5.40,,,
ESO428-011,,,galaxy,CMa,108.88033,-29.35903,11.9,1.82,1.38,22.97,
ESO443-024,,,galaxy,Cen,195.25329,-32.44131,11.8,2.34,2.00,23.49,
ESO462-015,,,galaxy,Sgr,305.80767,-27.71456,11.9,2.14,1.74,23.48,
ESO494-026,,,galaxy,Pup,121.54621,-27.52842,11.5,4.07,2.69,23.93,
ESO495-021,,,galaxy,Pyx,129.06304,-26.40939,11.8,1.95,1.41,22.66,
ESO507-025,,,galaxy,Hya,192.88267,-26.45208,11.6,2.63,2.14,23.45,
ESO556-015,,,galaxy,CMa,95.27317,-20.04842,11.8,2.57,2.19,23.31,
H05,,,open cluster,Cru,186.81667,-60.77833,7.1,6.00,,,
H13,,,open cluster,Ara,255.96250,-48.08333,,4.50,,,
H20,,,open cluster,Sge,298.27500,18.33333,7.7,5.10,,,
H21,,,open cluster,Cas,358.55500,61.74000,9.0,1.80,,,
HCG079,,Seyfert's Sextet,galaxy,Se1,239.79958,20.75861,,2.80,,,
HCG092,,Stephan's Quintet,galaxy,Peg,338.99583,33.95833,,4.40,,,
IC 10,,,galaxy,Cas,5.07225,59.30378,10.3,6.76,6.03,24.53,
IC 127,,,galaxy,Cet,22.44838,-6.98006,9.2,1.69,0.45,23.47,
IC 1284,,,nebula,Sgr,274.41512,-19.67203,7.7,16.98,15.14,,
IC 1287,,,nebula,Sct,277.85704,-10.79581,6.1,20.00,10.00,,
IC 1297,,,planetary nebula,CrA,289.34750,-39.61306,10.7,0.12,,,
IC 1613,,,galaxy,Cet,16.19912,2.11778,9.5,18.32,17.14,25.00,
IC 1805,,,cluster+nebula,Cas,38.17296,61.45689,6.5,60.00,60.00,,
IC 1848,,,cluster+nebula,Cas,42.79413,60.40247,6.5,40.00,10.00,,
IC 2149,,,planetary nebula,Aur,89.09954,46.10478,10.8,0.14,,,
IC 2165,,,planetary nebula,CMa,95.42792,-12.98722,10.5,0.15,,,
IC 2220,,Toby Jug Nebula,nebula,Car,119.21229,-59.12578,,5.00,,,
IC 2391,,omi Vel Cluster,open cluster,Vel,130.13283,-53.03547,2.5,29.10,,,
IC 2395,,,open cluster,Vel,130.62546,-48.15056,4.6,6.00,,,
IC 2448,,,planetary nebula,Car,136.77608,-69.94183,10.4,0.15,,,
IC 2488,,,open cluster,Vel,141.90929,-57.00694,7.4,7.20,,,
IC 2501,,,planetary nebula,Car,144.69658,-60.09186,10.4,0.03,,,
IC 2553,,,planetary nebula,Car,152.33696,-62.61369,10.3,0.15,,,
IC 2574,,Coddington's Nebula,galaxy,UMa,157.09783,68.41214,10.5,12.91,5.57,24.38,
IC 2581,,,open cluster,Car,156.87146,-57.61731,4.3,6.00,,,
IC 2602,,tet Car Cluster,open cluster,Car,160.73946,-64.39419,,48.00,,,
IC 2944,,lam Cen Nebula,cluster+nebula,Cen,173.94554,-63.01983,4.5,7.20,,,
IC 342,,,galaxy,Cam,56.70208,68.09636,9.7,19.77,18.79,24.85,
IC 348,,omi Per Cloud,cluster+nebula,Per,56.14246,32.16283,,10.00,10.00,,
IC 349,,Barnard's Merope Nebula,nebula,Tau,56.58379,23.93981,,25.70,,,
IC 356,,,galaxy,Cam,61.94546,69.81244,10.2,4.02,3.73,23.27,
IC 3568,,,planetary nebula,Cam,188.27825,82.56392,10.6,0.38,,,
IC 405,,Flaming Star Nebula,nebula,Aur,79.12283,34.35617,10.0,50.00,30.00,,
IC 418,,,planetary nebula,Lep,81.86746,-12.69728,9.4,0.20,,,
IC 4191,,,planetary nebula,Mus,197.19679,-67.64375,10.6,0.08,,,
IC 434,,Flame Nebula,nebula,Ori,85.25367,-2.45378,11.0,90.00,30.00,,
IC 4406,,,planetary nebula,Lup,215.61033,-44.15019,10.2,0.58,,,
IC 444,,,nebula,Gem,94.64167,23.31333,7.0,8.00,4.00,,
IC 447,,,nebula,Mon,97.75133,9.89744,7.7,25.00,20.00,,
IC 4499,,,globular,Aps,225.08021,-82.21350,8.6,5.10,,,
IC 4592,,,nebula,Sco,242.99446,-19.45467,3.9,60.00,40.00,,
IC 4593,,,planetary nebula,Her,242.93542,12.07139,10.7,0.66,,,
IC 4604,,rho Oph Nebula,nebula,Oph,246.37988,-23.43658,5.1,60.00,25.00,,
IC 4605,,,nebula,Sco,247.55200,-25.11517,4.7,30.00,15.00,,
IC 4634,,,planetary nebula,Oph,255.38996,-21.82597,10.9,0.14,,,
IC 4651,,,open cluster,Ara,261.20475,-49.93825,6.9,9.60,,,
IC 4665,,,open cluster,Oph,266.61325,5.64872,4.2,24.60,,,
IC 4703,,Eagle Nebula,nebula,Se2,274.73425,-13.84539,6.0,5.05,5.05,,
IC 4756,,,open cluster,Se2,279.71462,5.46217,4.6,24.00,,,
IC 4776,,,planetary nebula,Sgr,281.46125,-33.34306,10.8,0.12,,,
IC 4996,,,open cluster,Cyg,304.13862,37.55528,7.3,6.00,,,
IC 4997,,,planetary nebula,Sge,305.03667,16.73167,10.5,0.03,,,
IC 5070,,Pelican Nebula,nebula,Cyg,312.75300,44.40150,8.0,60.00,50.00,,
IC 5146,,Cocoon Nebula,cluster+nebula,Cyg,328.36983,47.26692,7.2,10.00,10.00,,
IC 5148,,,planetary nebula,Gru,329.89667,-39.38583,11.0,2.30,,,
IC 5267,,,galaxy,Gru,344.30654,-43.39614,10.4,5.58,4.06,23.84,
IC 5332,,,galaxy,Scl,353.61454,-36.10108,10.0,6.07,5.77,23.92,
MWSC3156,,,globular,Sgr,295.43504,-33.99947,11.5,3.90,,,
MWSC3171,,,globular,Aql,296.31000,-8.00722,7.5,5.40,,,
MWSC3561,,,globular,Cap,326.66183,-21.25261,11.9,2.70,,,
Mel071,,,open cluster,Pup,114.39000,-12.05500,7.1,14.40,,,
Mel072,,,open cluster,Mon,112.16167,-10.70000,10.1,7.50,,,
Mel101,,,open cluster,Car,160.55000,-65.10000,8.0,8.40,,,
Mel105,,,open cluster,Car,169.92500,-63.48333,8.5,5.40,,,
Mel111,,Coma Star Cluster,open cluster,Com,186.27500,26.10000,,253.50,,,
NGC 1023,,,galaxy,Per,40.10004,39.06328,9.5,7.40,3.06,22.59,
NGC 1027,,,open cluster,Cas,40.64608,61.59436,6.7,7.80,,,
NGC 104,,47 Tuc Cluster,globular,Tuc,6.02233,-72.08144,4.1,31.80,,,
NGC 1097,,,galaxy,For,41.57937,-30.27489,9.8,10.57,6.44,23.63,
NGC 1232,,,galaxy,Eri,47.43962,-20.57931,10.1,6.79,5.77,23.33,
NGC 1261,,,globular,Hor,48.06392,-55.21681,8.6,5.10,,,
NGC 1269,,,galaxy,Eri,49.32746,-41.10806,8.7,11.17,9.93,23.36,
NGC 129,,,open cluster,Cas,7.49246,60.21117,6.5,5.40,,,
NGC 1313,,,galaxy,Ret,49.56687,-66.49825,9.5,11.07,9.14,23.44,
NGC 1316,,Fornax A,galaxy,For,50.67383,-37.20822,8.5,13.46,7.71,23.77,
NGC 1317,,Fornax B,galaxy,For,50.68454,-37.10369,10.9,3.10,2.58,22.96,
NGC 1326,,,galaxy,For,50.98500,-36.46467,10.4,4.28,2.93,23.26,
NGC 1332,,,galaxy,Eri,51.57188,-21.33522,10.4,5.31,3.84,23.55,
NGC 134,,,galaxy,Scl,7.59154,-33.24403,10.3,8.38,1.79,23.40,
NGC 1340,,,galaxy,For,52.08196,-31.06817,10.4,5.12,3.12,23.60,
NGC 1342,,,open cluster,Per,52.91717,37.37939,6.7,6.30,,,
NGC 1350,,,galaxy,For,52.78383,-33.62864,10.3,5.18,2.60,23.06,
NGC 1360,,,planetary nebula,For,53.31104,-25.87172,9.4,6.42,,,
NGC 1365,,,galaxy,For,53.40154,-36.14039,10.1,12.02,6.14,24.01,
NGC 1380,,,galaxy,For,54.11496,-34.97622,9.9,4.58,2.22,22.90,
NGC 1395,,,galaxy,Eri,54.62396,-23.02753,9.7,4.71,3.97,22.83,
NGC 1398,,,galaxy,For,54.71721,-26.33783,9.6,6.95,4.91,23.28,
NGC 1399,,,galaxy,For,54.62096,-35.45067,9.4,8.51,7.69,23.95,
NGC 1404,,,galaxy,Eri,54.71633,-35.59439,9.9,5.01,4.38,23.26,
NGC 1407,,,galaxy,Eri,55.04942,-18.58011,9.7,5.73,5.27,23.36,
NGC 1432,,Maia Nebula,nebula,Tau,56.45662,24.36786,,60.00,40.00,,
NGC 1433,,,galaxy,Hor,55.50646,-47.22208,9.9,6.19,2.96,23.12,
NGC 1435,,Merope Nebula,nebula,Tau,56.54204,23.76497,,30.00,30.00,,
NGC 1444,,,open cluster,Per,57.37033,52.65533,6.6,3.60,,,
NGC 147,,,galaxy,Cas,8.30050,48.50875,9.7,9.40,5.41,24.29,
NGC 1499,,California Nebula,nebula,Per,60.81008,36.36747,5.0,160.00,40.00,,
NGC 1502,,,open cluster,Cam,61.95542,62.33153,6.9,10.20,,,
NGC 1512,,,galaxy,Hor,60.97617,-43.34886,10.4,8.43,4.02,24.11,
NGC 1514,,,planetary nebula,Tau,62.32063,30.77592,10.2,2.20,,,
NGC 1528,,,open cluster,Per,63.82863,51.21147,6.4,9.60,,,
NGC 1532,,,galaxy,Eri,63.01804,-32.87422,10.1,11.27,3.09,23.78,
NGC 1535,,,planetary nebula,Eri,63.56571,-12.73939,9.6,0.85,,,
NGC 1543,,,galaxy,Ret,63.18021,-57.73797,10.2,3.66,0.86,22.94,
NGC 1545,,,open cluster,Per,65.23442,50.25533,6.2,4.20,,,
NGC 1549,,,galaxy,Dor,63.93804,-55.59225,9.8,5.09,4.35,23.08,
NGC 1553,,,galaxy,Dor,64.04362,-55.78014,9.3,6.25,4.29,22.99,
NGC 1555,,Hind's Nebula,nebula,Tau,65.49762,19.53517,10.0,1.82,1.35,,
NGC 1566,,,galaxy,Dor,65.00175,-54.93781,9.7,7.23,5.00,23.03,
NGC 1574,,,galaxy,Ret,65.49508,-56.97475,10.2,4.13,2.32,23.10,
NGC 1582,,,open cluster,Per,67.94496,43.78483,7.0,7.80,,,
NGC 1617,,,galaxy,Dor,67.91471,-54.60228,10.4,5.24,2.50,23.17,
NGC 1647,,,open cluster,Tau,71.48154,19.09511,6.4,27.00,,,
NGC 1662,,,open cluster,Ori,72.12062,10.93039,6.4,13.80,,,
NGC 1664,,,open cluster,Aur,72.77263,43.67617,7.6,11.40,,,
NGC 1672,,,galaxy,Dor,71.42708,-59.24719,10.2,6.14,5.46,22.93,
NGC 1746,,,open cluster,Tau,75.95913,23.76764,6.1,18.00,,,
NGC 1778,,,open cluster,Aur,77.02375,37.02283,7.7,4.50,,,
NGC 1788,,,nebula,Ori,76.72175,-3.34097,5.8,2.00,2.00,,
NGC 1792,,,galaxy,Col,76.31021,-37.98075,10.2,5.52,2.76,22.68,
NGC 1807,,,open cluster,Tau,77.68762,16.51275,7.0,5.40,,,
NGC 1808,,,galaxy,Col,76.92642,-37.51306,10.2,5.42,1.83,22.74,
NGC 1817,,,open cluster,Tau,78.10946,16.68408,7.7,9.30,,,
NGC 185,,,galaxy,Cas,9.74154,48.33739,9.2,12.94,10.76,24.58,
NGC 1850,,,globular,Dor,77.18638,-68.76167,9.0,3.00,3.00,,
NGC 1851,,,globular,Col,78.52804,-40.04661,7.2,9.00,,,
NGC 1857,,,open cluster,Aur,80.02317,39.34361,7.0,4.50,,,
NGC 1893,,,open cluster,Aur,80.68392,33.41203,7.5,6.00,,,
NGC 1909,,the Witch Head Nebula,nebula,Eri,76.23100,-7.26564,,180.00,60.00,,
NGC 1947,,,galaxy,Dor,81.69838,-63.76003,10.5,3.48,3.18,23.11,
NGC 1955,,,nebula,Dor,81.54150,-67.49739,8.9,4.00,3.60,,
NGC 1973,,,nebula,Ori,83.76992,-4.73178,7.0,5.00,5.00,,
NGC 1975,,,nebula,Ori,83.82450,-4.68522,7.0,10.00,5.00,,
NGC 1977,,the Running Man Nebula,cluster+nebula,Ori,83.81583,-4.84433,,10.20,,,
NGC 1980,,Lower Sword,cluster+nebula,Ori,83.85829,-5.90989,2.5,9.30,,,
NGC 1981,,Upper Sword,cluster+nebula,Ori,83.78996,-4.42506,4.2,9.00,,,
NGC 1999,,,nebula,Ori,84.10563,-6.71586,9.5,2.00,2.00,,
NGC 2014,,,nebula,Dor,83.08279,-67.68983,9.0,5.10,3.50,,
NGC 2060,,,nebula,Dor,84.44542,-69.17167,9.6,2.20,2.00,,
NGC 2070,,30 Dor Cluster,nebula,Dor,84.67650,-69.10089,7.2,16.00,16.00,,
NGC 2071,,,cluster+nebula,Ori,86.78025,0.29425,8.0,7.00,5.00,,
NGC 2074,,,cluster+nebula,Dor,84.76492,-69.49811,8.5,4.00,3.40,,
NGC 2129,,,open cluster,Gem,90.27725,23.32217,6.7,3.90,,,
NGC 2169,,,open cluster,Ori,92.10146,13.96486,5.9,7.20,,,
NGC 2174,,Monkey Head Nebula,nebula,Ori,92.34842,20.65958,,40.00,30.00,,
NGC 2175,,,cluster+nebula,Ori,92.41479,20.48758,6.8,5.40,,,
NGC 2182,,,nebula,Mon,92.37896,-6.32644,9.0,3.00,2.00,,
NGC 2232,,,open cluster,Mon,97.00471,-4.84744,3.9,9.90,,,
NGC 2237,,Rosette A,nebula,Mon,97.72754,5.04917,,80.00,50.00,,
NGC 2238,,Rosette Nebula,nebula,Mon,97.66821,5.01306,6.0,80.00,60.00,,
NGC 2239,,,cluster+nebula,Mon,97.98150,4.94294,4.8,9.30,,,
NGC 2246,,Rosette B,nebula,Mon,98.14083,5.12828,,10.00,10.00,,
NGC 2247,,,nebula,Mon,98.27167,10.32225,8.5,2.00,2.00,,
NGC 225,,,open cluster,Cas,10.90158,61.76694,7.0,4.20,,,
NGC 2251,,,open cluster,Mon,98.66033,8.36639,7.3,5.70,,,
NGC 2252,,,open cluster,Mon,98.67904,5.36625,7.7,6.60,,,
NGC 2264,,Christmas Tree Cluster,cluster+nebula,Mon,100.24271,9.89547,3.9,11.40,,,
NGC 2281,,,open cluster,Aur,102.07433,41.07886,5.4,10.80,,,
NGC 2282,,,nebula,Mon,101.71488,1.31600,10.0,3.00,3.00,,
NGC 2286,,,open cluster,Mon,101.91737,-3.14767,7.5,5.40,,,
NGC 2298,,,globular,Pup,102.24667,-36.00531,8.9,4.80,,,
NGC 2301,,Great Bird Cluster,open cluster,Mon,102.93875,0.45919,6.0,10.20,,,
NGC 2335,,,open cluster,Mon,106.70604,-10.02864,7.2,8.70,,,
NGC 2343,,,open cluster,Mon,107.02833,-10.61681,6.7,7.50,,,
NGC 2345,,,open cluster,CMa,107.07829,-13.19375,7.7,6.90,,,
NGC 2353,,,open cluster,Mon,108.62629,-10.26586,7.1,6.60,,,
NGC 2354,,,open cluster,CMa,108.52196,-25.68892,6.5,4.80,,,
NGC 2360,,Caroline's Cluster,open cluster,CMa,109.42967,-15.64131,7.2,9.00,,,
NGC 2362,,,open cluster,CMa,109.67279,-24.95419,4.1,7.20,,,
NGC 2367,,,open cluster,CMa,110.01892,-21.88408,7.9,5.40,,,
NGC 2374,,,open cluster,CMa,110.98363,-13.26336,8.0,9.00,,,
NGC 2384,,,open cluster,CMa,111.29096,-21.01986,7.4,4.80,,,
NGC 2392,,Eskimo Nebula,planetary nebula,Gem,112.29483,20.91183,9.6,0.86,,,
NGC 2395,,,open cluster,Gem,111.80354,13.60819,8.0,4.62,,,
NGC 2396,,,open cluster,Pup,112.01217,-11.71967,7.4,6.60,,,
NGC 2403,,,galaxy,Cam,114.21417,65.60256,8.4,19.95,10.07,23.48,
NGC 2409,,,open cluster,Pup,112.90300,-17.19042,7.3,0.11,,,
NGC 2414,,,open cluster,Pup,113.30333,-15.45386,7.9,5.40,,,
NGC 2423,,,open cluster,Pup,114.27804,-13.87150,6.7,11.70,,,
NGC 2438,,,planetary nebula,Pup,115.45996,-14.73578,10.8,1.07,,,
NGC 2439,,,open cluster,Pup,115.18921,-31.69242,6.9,8.70,,,
NGC 2440,,,planetary nebula,Pup,115.48067,-18.20847,9.4,0.27,,,
NGC 246,,,planetary nebula,Cet,11.76400,-11.87194,10.9,4.08,,,
NGC 247,,,galaxy,Cet,11.78562,-20.76039,9.2,19.68,5.55,23.79,
NGC 2477,,,open cluster,Pup,118.04075,-38.53325,5.8,18.60,,,
NGC 2482,,,open cluster,Pup,118.79321,-24.25464,7.3,6.60,,,
NGC 2483,,,open cluster,Pup,118.91163,-27.88683,7.6,3.30,,,
NGC 2489,,,open cluster,Pup,119.06225,-30.06083,7.9,4.20,,,
NGC 2506,,,open cluster,Mon,120.00742,-10.76964,7.6,10.80,,,
NGC 2516,,,open cluster,Car,119.52942,-60.75347,3.8,24.30,,,
NGC 2520,,,open cluster,Pup,121.24242,-28.14667,6.5,9.30,,,
NGC 253,,Sculptor Filament,galaxy,Scl,11.88800,-25.28822,11.1,26.79,4.58,22.42,
NGC 2533,,,open cluster,Pup,121.76708,-29.88386,7.6,4.98,,,
NGC 2539,,,open cluster,Pup,122.65408,-12.82067,6.5,12.30,,,
NGC 2546,,,open cluster,Pup,123.06512,-37.59431,6.3,16.50,,,
NGC 2547,,,open cluster,Vel,122.53954,-49.20567,4.7,7.80,,,
NGC 2567,,,open cluster,Pup,124.64658,-30.63561,7.4,6.00,,,
NGC 2571,,,open cluster,Pup,124.73479,-29.74928,7.0,7.20,,,
NGC 2613,,,galaxy,Pyx,128.34517,-22.97367,10.4,7.62,1.79,23.28,
NGC 2645,,,open cluster,Vel,129.76300,-46.22731,7.3,6.60,,,
NGC 2655,,,galaxy,Cam,133.90721,78.22308,10.4,3.93,2.06,22.51,
NGC 2669,,,open cluster,Vel,131.59404,-52.94753,6.1,8.40,,,
NGC 2670,,,open cluster,Vel,131.37283,-48.79164,7.8,4.20,,,
NGC 2683,,,galaxy,Lyn,133.17221,33.42175,9.7,9.48,2.70,22.76,
NGC 2685,,Helix Galaxy,galaxy,UMa,133.89462,58.73439,11.3,4.33,2.31,24.03,
NGC 2736,,Pencil Nebula,nebula,Vel,135.07058,-45.94806,,30.00,7.00,,
NGC 2768,,,galaxy,UMa,137.90625,60.03722,9.9,5.64,2.24,23.38,
NGC 2775,,,galaxy,Cnc,137.58383,7.03794,10.2,4.25,3.36,22.88,
NGC 2784,,,galaxy,Hya,138.08125,-24.17261,10.1,4.82,1.85,23.34,
NGC 2808,,,globular,Car,138.01058,-64.86283,5.7,9.00,,,
NGC 2841,,,galaxy,UMa,140.51096,50.97653,10.2,6.90,3.31,22.48,
NGC 2867,,,planetary nebula,Car,140.35404,-58.31167,9.7,0.23,,,
NGC 288,,,globular,Scl,13.19771,-26.58989,8.1,9.60,,,
NGC 2903,,,galaxy,Leo,143.04212,21.50083,8.9,11.94,5.28,23.02,
NGC 2910,,,open cluster,Vel,142.62092,-52.91400,7.2,4.80,,,
NGC 292,,Small Magellanic Cloud,galaxy,Tuc,13.18658,-72.82861,2.3,299.92,179.89,23.42,
NGC 2976,,,galaxy,UMa,146.81442,67.91639,10.2,5.77,3.01,22.81,
NGC 2997,,,galaxy,Ant,146.41163,-31.19108,9.4,10.26,6.21,23.42,
NGC 300,,,galaxy,Scl,13.72283,-37.68439,8.7,19.41,13.06,23.59,
NGC 3077,,,galaxy,UMa,150.82946,68.73392,9.9,5.21,4.32,22.80,
NGC 3114,,,open cluster,Car,150.62321,-60.13053,4.2,12.30,,,
NGC 3115,,Spindle Galaxy,galaxy,Sex,151.30825,-7.71858,9.1,7.10,3.01,23.02,
NGC 3132,,Eight-Burst Nebula,planetary nebula,Vel,151.75721,-40.43658,9.2,0.50,,,
NGC 3184,,,galaxy,UMa,154.57025,41.42406,9.8,7.40,7.18,23.47,
NGC 3198,,,galaxy,UMa,154.97896,45.54961,10.4,6.46,1.84,22.68,
NGC 3201,,,globular,Vel,154.40317,-46.41122,8.2,9.60,,,
NGC 3211,,,planetary nebula,Car,154.46046,-62.67006,10.7,0.27,,,
NGC 3228,,,open cluster,Vel,155.34267,-51.72258,6.0,6.60,,,
NGC 3242,,Jupiter's Ghost Nebula,planetary nebula,Hya,156.19200,-18.64222,7.7,0.42,,,
NGC 3247,,,nebula,Car,156.05833,-57.76333,7.6,5.00,5.00,,
NGC 3293,,,open cluster,Car,158.95321,-58.22447,4.7,5.10,,,
NGC 3324,,,cluster+nebula,Car,159.31754,-58.61956,6.7,4.80,,,
NGC 3330,,,open cluster,Vel,159.68929,-54.13072,7.4,5.10,,,
NGC 3344,,,galaxy,LMi,160.87979,24.92222,10.0,6.70,6.37,23.33,
NGC 3372,,Carina Nebula,nebula,Car,161.28554,-59.86669,3.0,120.00,120.00,,
NGC 3377,,,galaxy,Leo,161.92637,13.98592,10.3,3.87,1.87,22.89,
NGC 3384,,,galaxy,Leo,162.07038,12.62928,10.0,5.24,2.37,23.17,
NGC 3489,,,galaxy,Leo,165.07738,13.90122,10.2,3.44,2.03,22.44,
NGC 3519,,,open cluster,Car,166.01154,-61.36825,7.7,4.8,,,
NGC 3521,,,galaxy,Leo,166.45242,-0.03586,9.1,8.32,4.47,22.75,
NGC 3532,,Wishing Well Cluster,open cluster,Car,166.44925,-58.77050,3.0,12.00,,,
NGC 3557,,,galaxy,Cen,167.49017,-37.53917,10.4,4.36,3.43,23.46,
NGC 3572,,,open cluster,Car,167.58000,-60.24836,6.6,4.08,,,
NGC 3585,,,galaxy,Hya,168.32121,-26.75483,9.7,6.61,3.27,23.74,
NGC 3607,,,galaxy,Leo,169.22767,18.05175,10.0,4.59,4.03,22.99,
NGC 362,,,globular,Tuc,15.80929,-70.84822,6.6,8.70,,,
NGC 3621,,,galaxy,Hya,169.56879,-32.81406,9.6,9.79,4.03,23.03,
NGC 3628,,,galaxy,Leo,170.07071,13.58969,9.4,11.04,3.44,23.13,
NGC 3631,,,galaxy,UMa,170.26196,53.16956,10.4,3.72,3.08,22.15,
NGC 3640,,,galaxy,Leo,170.27854,3.23483,10.4,4.33,3.81,23.38,
NGC 3675,,,galaxy,UMa,171.53575,43.58592,10.1,5.90,3.27,23.13,
NGC 3680,,,open cluster,Cen,171.40450,-43.25011,7.6,5.70,,,
NGC 3726,,,galaxy,UMa,173.33800,47.02919,10.5,5.27,3.54,22.70,
NGC 3766,,Pearl Cluster,open cluster,Cen,174.05996,-61.60517,5.3,6.90,,,
NGC 3918,,Blue Planetary,planetary nebula,Cen,177.57479,-57.18233,8.1,0.32,,,
NGC 3923,,,galaxy,Hya,177.75704,-28.80603,9.6,6.89,4.55,23.80,
NGC 3938,,,galaxy,UMa,178.20604,44.12072,10.4,3.55,3.44,22.39,
NGC 3941,,,galaxy,UMa,178.23067,36.98633,10.4,3.51,2.33,22.73,
NGC 3953,,,galaxy,UMa,178.45383,52.32678,10.1,6.14,3.13,22.64,
NGC 4038,,Antennae Galaxies,galaxy,Crv,180.47088,-18.86761,10.2,5.42,3.78,22.94,
NGC 4039,,Antennae Galaxies,galaxy,Crv,180.47296,-18.88619,11.0,5.36,2.73,22.82,
NGC 4103,,,open cluster,Cru,181.66487,-61.25008,7.4,7.80,,,
NGC 4125,,,galaxy,Dra,182.02508,65.17414,9.7,5.87,4.58,23.34,
NGC 4214,,,galaxy,CVn,183.91321,36.32689,9.8,6.79,5.28,22.88,
NGC 4216,,,galaxy,Vir,183.97683,13.14939,9.9,7.82,1.84,23.12,
NGC 4236,,,galaxy,Dra,184.17550,69.46258,9.8,23.50,6.85,24.58,
NGC 4244,,,galaxy,CVn,184.37358,37.80711,10.2,16.22,7.24,24.57,
NGC 4274,,,galaxy,Com,184.96079,29.61447,10.4,3.63,1.70,22.44,
NGC 4278,,,galaxy,Com,185.02842,29.28075,10.2,2.89,2.83,22.22,
NGC 4293,,,galaxy,Com,185.30371,18.38239,10.2,6.24,3.72,23.61,
NGC 4349,,,open cluster,Cru,186.02517,-61.87044,7.4,6.30,,,
NGC 4361,,,planetary nebula,Crv,186.12817,-18.78483,10.9,1.05,,,
NGC 4365,,,galaxy,Vir,186.11783,7.31767,9.4,5.12,3.66,22.90,
NGC 4395,,,galaxy,CVn,186.45358,33.54692,10.3,4.17,1.39,21.71,
NGC 4414,,,galaxy,Com,186.61292,31.22353,10.2,1.95,1.12,20.72,
NGC 4429,,,galaxy,Vir,186.86046,11.10772,10.1,5.30,2.42,23.17,
NGC 4435,,Eyes,galaxy,Vir,186.91871,13.07894,11.0,3.03,2.14,22.66,
NGC 4438,,Eyes,galaxy,Vir,186.93996,13.00883,10.9,9.16,4.02,24.21,
NGC 4449,,,galaxy,CVn,187.04625,44.09364,9.6,4.66,2.71,21.10,
NGC 4459,,,galaxy,Com,187.25004,13.97836,10.2,4.17,3.16,23.13,
NGC 4463,,,open cluster,Mus,187.48008,-64.78967,7.2,4.80,,,
NGC 4473,,,galaxy,Com,187.45362,13.42936,10.1,4.27,2.51,23.03,
NGC 4477,,,galaxy,Com,187.50917,13.63661,10.3,3.70,3.22,22.86,
NGC 4490,,Cocoon Galaxy,galaxy,CVn,187.65100,41.64389,9.7,6.71,1.65,21.43,
NGC 4494,,,galaxy,Com,187.85042,25.77525,9.8,4.35,4.13,22.75,
NGC 45,,,galaxy,Cet,3.51662,-23.18208,10.4,6.18,4.44,23.80,
NGC 4517,,,galaxy,Vir,188.18996,0.11503,10.5,9.02,1.42,23.18,
NGC 4526,,,galaxy,Vir,188.51288,7.69953,9.6,9.64,3.32,23.43,
NGC 4527,,,galaxy,Vir,188.53508,2.65367,10.5,6.30,1.72,23.10,
NGC 4535,,,galaxy,Vir,188.58463,8.19775,9.9,8.15,7.48,23.79,
NGC 4536,,,galaxy,Vir,188.61271,2.18814,10.5,7.08,2.55,23.26,
NGC 4559,,,galaxy,Com,188.99021,27.96000,9.9,10.57,4.82,23.48,
NGC 4565,,Needle Galaxy,galaxy,Com,189.08658,25.98767,10.9,16.75,2.89,23.75,
NGC 4567,,Butterfly Galaxies,galaxy,Vir,189.13629,11.25800,11.3,2.74,2.15,22.67,
NGC 4568,,Butterfly Galaxies,galaxy,Vir,189.14275,11.23889,10.8,4.31,1.87,22.89,
NGC 457,,Owl Cluster,open cluster,Cas,19.88604,58.29069,6.4,7.80,,,
NGC 4596,,,galaxy,Vir,189.98313,10.17614,10.5,3.93,3.30,22.99,
NGC 4605,,,galaxy,UMa,189.99742,61.60919,10.3,5.87,2.29,22.63,
NGC 4609,,Coalsack Cluster,open cluster,Cru,190.57012,-62.99575,6.9,5.40,,,
NGC 4631,,Whale Galaxy,galaxy,CVn,190.53337,32.54150,9.2,14.45,2.20,22.44,
NGC 4636,,,galaxy,Vir,190.70762,2.68778,10.0,6.35,4.70,22.91,
NGC 4651,,Umbrella Galaxy,galaxy,Com,190.92763,16.39339,10.8,3.87,2.58,22.71,
NGC 4654,,,galaxy,Vir,190.98575,13.12667,10.5,4.72,2.49,22.65,
NGC 4656 NED01,,,galaxy,CVn,190.99029,32.17025,10.5,6.46,0.66,20.62,
NGC 4664,,,galaxy,Vir,191.27496,3.05578,10.5,4.52,4.52,23.13,
NGC 4676,,Mice Galaxy,galaxy,Com,191.54458,30.72722,,3.00,,,
NGC 4696,,,galaxy,Cen,192.20521,-41.31083,10.3,3.85,2.56,23.42,
NGC 4697,,,galaxy,Vir,192.14950,-5.80075,9.4,7.14,4.16,23.36,
NGC 4699,,,galaxy,Vir,192.25929,-8.66486,9.5,3.99,3.02,21.92,
NGC 4725,,,galaxy,Com,192.61075,25.50081,9.4,9.71,7.10,23.39,
NGC 4753,,,galaxy,Vir,193.09213,-1.19969,9.7,6.49,3.06,23.31,
NGC 4754,,,galaxy,Vir,193.07292,11.31389,10.5,4.16,1.95,23.19,
NGC 4755,,Herschel's Jewel Box,open cluster,Cru,193.40450,-60.35631,,7.80,,,
NGC 4762,,,galaxy,Vir,193.23354,11.23081,10.2,8.26,3.52,24.30,
NGC 4833,,,globular,Mus,194.89558,-70.87458,7.8,8.40,,,
NGC 488,,,galaxy,Psc,20.44521,5.25672,10.3,5.05,3.66,23.15,
NGC 4976,,,galaxy,Cen,197.15637,-49.50642,10.1,5.83,3.27,23.63,
NGC 5061,,,galaxy,Hya,199.52113,-26.83722,10.3,3.75,3.05,22.94,
NGC 5068,,,galaxy,Vir,199.72837,-21.03911,10.1,7.48,6.70,23.65,
NGC 5084,,,galaxy,Vir,200.07050,-21.82758,10.5,9.93,2.46,25.22,
NGC 5101,,,galaxy,Hya,200.44267,-27.43053,10.5,5.90,5.52,24.15,
NGC 5102,,,galaxy,Cen,200.49004,-36.63025,9.9,9.71,3.71,23.87,
NGC 5128,,Centaurus A,galaxy,Cen,201.36508,-43.01911,7.2,25.88,19.77,23.59,
NGC 5138,,,open cluster,Cen,201.81337,-59.04094,5.3,4.20,,,
NGC 5139,,Omega Centauri,globular,Cen,201.69121,-47.47686,5.3,27.00,,,
NGC 5189,,,planetary nebula,Mus,203.38712,-65.97406,10.3,2.33,,,
NGC 5195,,,galaxy,CVn,202.49829,47.26614,9.6,5.50,4.36,22.84,
NGC 5206,,,galaxy,Cen,203.43325,-48.15117,10.5,4.26,2.81,23.77,
NGC 524,,,galaxy,Psc,21.19883,9.53883,10.3,3.37,3.35,22.78,
NGC 5247,,,galaxy,Vir,204.51267,-17.88403,10.4,5.32,4.26,22.95,
NGC 5248,,,galaxy,Boo,204.38342,8.88517,10.0,4.07,2.38,22.25,
NGC 5253,,,galaxy,Cen,204.98317,-31.64011,10.3,5.01,2.12,22.28,
NGC 5281,,,open cluster,Cen,206.64646,-62.91653,5.9,6.90,,,
NGC 5286,,,globular,Cen,206.61075,-51.37347,8.3,6.60,,,
NGC 5315,,,planetary nebula,Cir,208.48704,-66.51417,9.8,0.10,,,
NGC 5316,,,open cluster,Cen,208.48842,-61.86911,6.0,9.90,,,
NGC 5322,,,galaxy,UMa,207.31363,60.19053,10.1,5.62,3.49,23.64,
NGC 5363,,,galaxy,Vir,209.03004,5.25478,10.2,4.17,2.75,22.82,
NGC 5460,,,open cluster,Cen,211.86588,-48.34253,5.6,13.20,,,
NGC 55,,,galaxy,Scl,3.72333,-39.19664,8.5,29.85,3.05,22.52,
NGC 5606,,,open cluster,Cen,216.94700,-59.63225,7.7,3.60,,,
NGC 5617,,,open cluster,Cen,217.43362,-60.71083,6.3,5.10,,,
NGC 5662,,,open cluster,Cen,218.90658,-56.61808,5.5,8.10,,,
NGC 5822,,,open cluster,Lup,226.08854,-54.39642,6.5,18.00,,,
NGC 5823,,,open cluster,Cir,226.37763,-55.60375,7.9,3.90,,,
NGC 584,,,galaxy,Cet,22.83646,-6.86806,10.3,3.78,2.51,23.06,
NGC 5846,,,galaxy,Vir,226.62200,1.60561,10.2,4.27,4.05,23.12,
NGC 5866,,,galaxy,Dra,226.62292,55.76322,9.9,6.31,2.72,23.40,
NGC 5873,,,planetary nebula,Lup,228.21167,-38.12556,11.0,0.12,,,
NGC 5882,,,planetary nebula,Lup,229.20833,-45.64931,10.2,0.23,,,
NGC 5897,,,globular,Lib,229.35167,-21.01011,8.5,9.90,,,
NGC 5907,,,galaxy,Dra,228.97404,56.32878,10.4,11.30,1.75,23.60,
NGC 5927,,,globular,Lup,232.00179,-50.67278,8.9,6.60,,,
NGC 5986,,,globular,Lup,236.51433,-37.78614,6.9,5.40,,,
NGC 6025,,,open cluster,TrA,240.82413,-60.43136,5.1,11.40,,,
NGC 6067,,,open cluster,Nor,243.29604,-54.21894,5.6,8.10,,,
NGC 6087,,S Nor Cluster,open cluster,Nor,244.71075,-57.93458,5.4,10.20,,,
NGC 6124,,,open cluster,Sco,246.33358,-40.65369,5.8,13.50,,,
NGC 613,,,galaxy,Scl,23.57571,-29.41836,10.3,5.48,4.51,23.02,
NGC 6134,,,open cluster,Nor,246.94375,-49.15117,7.2,6.90,,,
NGC 6153,,,planetary nebula,Sco,247.87767,-40.25344,10.9,0.40,,,
NGC 6164,,,nebula,Nor,248.42433,-48.08006,6.7,1.41,0.60,,
NGC 6165,,,nebula,Nor,248.51438,-48.15050,6.7,2.50,0.50,,
NGC 6167,,,open cluster,Nor,248.64575,-49.77189,6.7,7.20,,,
NGC 6169,,,open cluster,Nor,248.51929,-44.04564,6.6,4.20,,,
NGC 6178,,,open cluster,Sco,248.94687,-45.64375,7.2,6.90,,,
NGC 6188,,Rim Nebula,nebula,Ara,250.02433,-48.66228,,20.00,12.00,,
NGC 6200,,,open cluster,Ara,251.03063,-47.46267,7.4,8.10,,,
NGC 6208,,,open cluster,Ara,252.36746,-53.72833,7.2,8.40,,,
NGC 6210,,,planetary nebula,Her,251.12300,23.79983,9.7,0.50,,,
NGC 6231,,,open cluster,Sco,253.54550,-41.82425,2.6,13.80,,,
NGC 6235,,,globular,Oph,253.35567,-22.17744,7.2,4.20,,,
NGC 6242,,,open cluster,Sco,253.88933,-39.46094,6.4,6.60,,,
NGC 6250,,,cluster+nebula,Ara,254.48362,-45.93664,5.9,9.60,,,
NGC 6259,,,open cluster,Sco,255.18917,-44.65497,8.0,6.00,,,
NGC 6281,,,open cluster,Sco,256.17208,-37.98522,5.4,10.20,,,
NGC 6284,,,globular,Oph,256.11979,-24.76433,7.4,6.60,,,
NGC 6293,,,globular,Oph,257.54338,-26.58175,9.0,4.50,,,
NGC 6300,,,galaxy,Ara,259.24779,-62.82056,10.3,5.33,3.37,23.00,
NGC 6302,,Bug Nebula,planetary nebula,Sco,258.43596,-37.10314,9.6,0.74,,,
NGC 6304,,,globular,Oph,258.63546,-29.46228,9.0,3.60,,,
NGC 6309,,Box Nebula,planetary nebula,Oph,258.51792,-12.91056,11.5,0.26,,,
NGC 6316,,,globular,Oph,259.15587,-28.14003,9.0,4.80,,,
NGC 6322,,,open cluster,Sco,259.60746,-42.93403,6.0,6.30,,,
NGC 6352,,,globular,Ara,261.37150,-48.42269,8.9,7.20,,,
NGC 6356,,,globular,Oph,260.89579,-17.81303,7.4,5.40,,,
NGC 6357,,the War and Peace Nebula,cluster+nebula,Sco,261.18154,-34.20133,,3.90,,,
NGC 6362,,,globular,Ara,262.97850,-67.04786,8.9,8.40,,,
NGC 6369,,Little Ghost Nebula,planetary nebula,Oph,262.33542,-23.75944,11.4,0.63,,,
NGC 6374,,,open cluster,Sco,263.67725,-32.58136,5.5,6.90,,,
NGC 6388,,,globular,Sco,264.07263,-44.73561,7.4,8.40,,,
NGC 6397,,,globular,Ara,265.17233,-53.67369,5.2,15.30,,,
NGC 6425,,,open cluster,Sco,266.75700,-31.52939,7.2,4.80,,,
NGC 6441,,,globular,Sco,267.55350,-37.05108,8.0,4.80,,,
NGC 6445,,Little Gem,planetary nebula,Sgr,267.31275,-20.00950,11.2,0.55,,,
NGC 6503,,,galaxy,Dra,267.36012,70.14436,10.1,5.94,1.98,22.55,
NGC 6520,,,open cluster,Sgr,270.85058,-27.88611,7.6,5.40,,,
NGC 6522,,,globular,Sgr,270.89196,-30.03397,9.5,3.90,,,
NGC 6530,,,cluster+nebula,Sgr,271.12929,-24.35806,4.6,6.00,,,
NGC 654,,,open cluster,Cas,25.99763,61.88272,6.5,6.30,,,
NGC 6541,,,globular,CrA,272.00971,-43.71589,7.3,7.50,,,
NGC 6543,,Cat's Eye Nebula,planetary nebula,Dra,269.63912,66.63319,9.0,0.90,,,
NGC 6546,,,open cluster,Sgr,271.84396,-23.29622,8.0,6.90,,,
NGC 6553,,,globular,Sgr,272.32283,-25.90786,9.1,5.40,,,
NGC 6563,,,planetary nebula,Sgr,273.01042,-33.86833,11.0,0.79,,,
NGC 6567,,,planetary nebula,Sgr,273.43833,-19.07583,11.0,0.13,,,
NGC 6569,,,globular,Sgr,273.41112,-31.82767,9.5,4.50,,,
NGC 6572,,,planetary nebula,Oph,273.02587,6.85372,8.1,0.18,,,
NGC 6584,,,globular,Tel,274.65688,-52.21517,8.2,5.10,,,
NGC 659,,,open cluster,Cas,26.09579,60.66917,7.9,4.20,,,
NGC 6590,,,nebula,Sgr,274.27079,-19.86606,9.8,4.00,3.00,,
NGC 6604,,,open cluster,Se2,274.51233,-12.24311,6.5,9.60,,,
NGC 6605,,,open cluster,Se2,274.09033,-15.01519,6.0,6.30,,,
NGC 663,,,open cluster,Cas,26.56687,61.21819,7.1,6.00,,,
NGC 6633,,,open cluster,Oph,276.81346,6.50822,4.6,12.00,,,
NGC 6644,,,planetary nebula,Sgr,278.14471,-25.12936,10.7,0.04,,,
NGC 6647,,,open cluster,Sgr,278.20558,-17.22867,8.0,3.60,,,
NGC 6664,,,open cluster,Sct,279.13896,-8.22075,7.8,6.00,,,
NGC 6684,,,galaxy,Pav,282.24117,-65.17344,10.5,4.19,2.96,23.15,
NGC 6709,,,open cluster,Aql,282.82892,10.31875,6.7,8.70,,,
NGC 6712,,,globular,Sct,283.27038,-8.70547,8.7,5.70,,,
NGC 6716,,,open cluster,Sgr,283.64321,-19.90108,7.5,7.20,,,
NGC 6741,,Phantom Streak Nebula,planetary nebula,Aql,285.65417,-0.44939,11.5,0.13,,,
NGC 6744,,,galaxy,Pav,287.44208,-63.85753,9.2,15.67,9.75,23.47,
NGC 6752,,,globular,Pav,287.71575,-59.98186,6.3,13.20,,,
NGC 6755,,,open cluster,Aql,286.95438,4.26642,7.5,6.00,,,
NGC 6790,,,planetary nebula,Aql,290.73708,1.51333,10.5,0.12,,,
NGC 6811,,,open cluster,Cyg,294.32463,46.38883,6.8,7.20,,,
NGC 6818,,Little Gem Nebula,planetary nebula,Sgr,295.99054,-14.15317,9.3,0.77,,,
NGC 6819,,Foxhead Cluster,open cluster,Cyg,295.32538,40.18675,7.3,6.90,,,
NGC 6822,,Barnard's Galaxy,galaxy,Sgr,296.24058,-14.80344,10.1,17.38,16.75,24.25,
NGC 6823,,,cluster+nebula,Vul,295.79121,23.29994,7.1,6.00,,,
NGC 6826,,Blinking Planetary,planetary nebula,Cyg,296.20046,50.52503,9.4,0.42,,,
NGC 6830,,,open cluster,Vul,297.74825,23.10014,7.9,4.20,,,
NGC 6834,,,open cluster,Cyg,298.05233,29.40817,7.8,4.50,,,
NGC 6866,,,open cluster,Cyg,300.97992,44.15911,7.6,5.10,,,
NGC 6871,,,open cluster,Cyg,301.49767,35.77725,5.2,9.30,,,
NGC 6883,,,open cluster,Cyg,302.83229,35.83219,8.0,4.50,,,
NGC 6884,,,planetary nebula,Cyg,302.59875,46.46083,10.9,0.10,,,
NGC 6888,,Crescent Nebula,nebula,Cyg,303.02729,38.35494,7.4,20.00,10.00,,
NGC 6891,,,planetary nebula,Del,303.78683,12.70436,10.5,0.25,,,
NGC 6905,,Blue Flash Nebula,planetary nebula,Del,305.59579,20.10453,11.1,0.67,,,
NGC 6910,,,open cluster,Cyg,305.80021,40.77861,7.4,6.30,,,
NGC 6939,,,open cluster,Cep,307.87554,60.66208,7.8,12.00,,,
NGC 6940,,,open cluster,Vul,308.61121,28.28272,6.3,10.80,,,
NGC 6946,,Fireworks Galaxy,galaxy,Cyg,308.71800,60.15392,9.1,11.40,10.84,23.73,
NGC 6960,,Veil Nebula,nebula,Cyg,311.49242,30.59514,7.0,210.00,160.00,,
NGC 6992,,Eastern Veil,nebula,Cyg,314.07946,31.74275,7.0,60.00,8.00,,
NGC 6995,,Eastern Veil,nebula,Cyg,314.29483,31.23517,7.0,12.00,12.00,,
NGC 7000,,North America Nebula,nebula,Cyg,314.82142,44.52878,4.0,120.00,30.00,,
NGC 7008,,,planetary nebula,Cyg,315.13667,54.54319,10.7,1.43,,,
NGC 7009,,Saturn Nebula,planetary nebula,Aqr,316.04496,-11.36325,8.0,0.70,0.52,,
NGC 7023,,Iris Nebula,nebula,Cep,315.39842,68.16956,7.2,10.00,8.00,,
NGC 7026,,,planetary nebula,Cyg,316.57700,47.85219,10.9,0.33,,,
NGC 7027,,,planetary nebula,Cyg,316.75637,42.23653,8.5,0.23,,,
NGC 7039,,,open cluster,Cyg,317.69917,45.62181,7.6,7.80,,,
NGC 7063,,,open cluster,Cyg,321.09042,36.48750,7.0,6.30,,,
NGC 7082,,,open cluster,Cyg,322.32392,47.12628,7.2,9.00,,,
NGC 7160,,,open cluster,Cep,328.41779,62.60331,6.1,4.20,,,
NGC 720,,,galaxy,Cet,28.25208,-13.73867,10.1,4.49,2.37,23.23,
NGC 7209,,,open cluster,Lac,331.28267,46.48353,7.7,6.00,,,
NGC 7217,,,galaxy,Peg,331.96829,31.35933,10.5,4.52,3.84,22.93,
NGC 7234,,,open cluster,Cep,333.10425,57.27133,7.7,2.40,,,
NGC 7243,,,open cluster,Lac,333.78575,49.89750,6.4,15.00,,,
NGC 7293,,Helix Nebula,planetary nebula,Aqr,337.41071,-20.83733,7.3,16.33,,,
NGC 7331,,,galaxy,Peg,339.26671,34.41553,9.4,9.27,3.76,23.08,
NGC 7380,,,cluster+nebula,Cep,341.83754,58.13242,7.2,25.00,20.00,,
NGC 7424,,,galaxy,Gru,344.32654,-41.07058,10.2,5.01,2.69,22.75,
NGC 744,,,open cluster,Per,29.62467,55.47461,7.9,11.70,,,
NGC 7507,,,galaxy,Scl,348.03162,-28.53961,10.0,3.33,3.20,22.87,
NGC 7510,,,open cluster,Cep,347.76575,60.57089,7.9,3.90,,,
NGC 752,,,open cluster,And,29.39508,37.83339,5.7,39.00,,,
NGC 7635,,Bubble Nebula,nebula,Cas,350.19000,61.21236,11.0,15.00,8.00,,
NGC 7662,,Copeland's Blue Snowball,planetary nebula,And,351.47458,42.53494,8.3,0.28,,,
NGC 7686,,,open cluster,And,352.53075,49.13411,5.6,3.60,,,
NGC 772,,,galaxy,Ari,29.83158,19.00753,10.3,4.57,2.52,22.32,
NGC 7789,,,open cluster,Cas,359.35025,56.70828,6.7,14.40,,,
NGC 7793,,,galaxy,Scl,359.45763,-32.59103,9.3,10.42,6.05,23.05,
NGC 869,,h Persei Cluster,open cluster,Per,34.74400,57.11725,3.7,14.40,,,
NGC 884,,chi Persei Cluster,open cluster,Per,35.63375,57.14411,3.8,10.50,,,
NGC 891,,,galaxy,And,35.63921,42.34914,10.0,13.03,3.03,24.17,
NGC 908,,,galaxy,Cet,35.76904,-21.23386,10.3,6.14,2.82,22.86,
NGC 925,,,galaxy,Tri,36.82033,33.57917,10.1,10.72,5.75,23.94,
NGC 936,,,galaxy,Cet,36.90608,-1.15628,10.2,4.44,3.18,23.14,
NGC 957,,,open cluster,Per,38.32929,57.56969,7.6,10.20,,,
PGC000143,,Wolf-Lundmark-Melotte,galaxy,Cet,0.49233,-15.46092,10.8,10.47,3.55,23.91,
PGC003853,,,galaxy,Cet,16.27033,-6.21239,11.7,4.27,3.16,24.03,
PGC025886,,,galaxy,Hya,137.70608,-8.89069,11.5,5.75,0.83,23.17,
PGC029653,,Sextans A,galaxy,Sex,152.75333,-4.69278,11.8,5.25,4.47,24.52,
PGC088608,,Sextans Dwarf Spheroidal,galaxy,Sex,153.26208,-1.61472,10.4,30.20,12.02,28.07,
UGC04305,,,galaxy,UMa,124.77075,70.72003,10.8,7.94,5.62,24.08,
UGC05373,,Sextans B,galaxy,Sex,150.00042,5.33222,11.5,4.90,3.09,23.68,
UGC05470,,Leo I,galaxy,Leo,152.11708,12.30639,10.4,11.75,8.51,25.35,
